{
"lengthUnit": "mil",
"remark": [],
"components": {
	"fields": ["COMPONENT_NO", "COMPONENT_NAME", "LAYER", "X_COORDINATE", "Y_COORDINATE", "ANGLE"],
	"rows": [
		[1, "JP1", "T", 3835, -2531.5, 0],
		[2, "POWER", "T", 6740, -2356.5, 0],
		[3, "U1", "T", 225, -1965, 0],
		[4, "U2", "T", 1060, -1968.5, 0],
		[5, "U3", "T", 1895, -1968.5, 0],
		[6, "U4", "T", 2730, -1970, 0],
		[7, "U5", "T", 3570, -1970, 0],
		[8, "U6", "T", 4405, -1970, 0],
		[9, "U7", "T", 5240, -1970, 0],
		[10, "U8", "T", 6075, -1970, 0],
		[11, "PAD1", "T", 3085, -2531.5, 0],
		[12, "PAD1", "B", 3085, -2531.5, 0],
		[13, "PAD2", "T", 3185, -2531.5, 0],
		[14, "PAD2", "B", 3185, -2531.5, 0],
		[15, "PAD3", "T", 3285, -2531.5, 0],
		[16, "PAD3", "B", 3285, -2531.5, 0],
		[17, "PAD4", "T", 3385, -2531.5, 0],
		[18, "PAD4", "B", 3385, -2531.5, 0],
		[19, "PAD5", "T", 3485, -2531.5, 0],
		[20, "PAD5", "B", 3485, -2531.5, 0],
		[21, "PAD6", "T", 3585, -2531.5, 0],
		[22, "PAD6", "B", 3585, -2531.5, 0],
		[23, "PAD7", "T", 3685, -2531.5, 0],
		[24, "PAD7", "B", 3685, -2531.5, 0],
		[25, "PAD8", "T", 3785, -2531.5, 0],
		[26, "PAD8", "B", 3785, -2531.5, 0],
		[27, "PAD9", "T", 3885, -2531.5, 0],
		[28, "PAD9", "B", 3885, -2531.5, 0],
		[29, "PAD10", "T", 3985, -2531.5, 0],
		[30, "PAD10", "B", 3985, -2531.5, 0],
		[31, "PAD11", "T", 4085, -2531.5, 0],
		[32, "PAD11", "B", 4085, -2531.5, 0],
		[33, "PAD12", "T", 4185, -2531.5, 0],
		[34, "PAD12", "B", 4185, -2531.5, 0],
		[35, "PAD13", "T", 4285, -2531.5, 0],
		[36, "PAD13", "B", 4285, -2531.5, 0],
		[37, "PAD14", "T", 4385, -2531.5, 0],
		[38, "PAD14", "B", 4385, -2531.5, 0],
		[39, "PAD15", "T", 4485, -2531.5, 0],
		[40, "PAD15", "B", 4485, -2531.5, 0],
		[41, "PAD16", "T", 4585, -2531.5, 0],
		[42, "PAD16", "B", 4585, -2531.5, 0],
		[43, "PAD17", "T", 6740, -2356.5, 0],
		[44, "PAD17", "B", 6740, -2356.5, 0],
		[45, "PAD18", "T", 6740, -2456.5, 0],
		[46, "PAD18", "B", 6740, -2456.5, 0],
		[47, "PAD19", "T", 475, -2810, 0],
		[48, "PAD19", "B", 475, -2810, 0],
		[49, "PAD20", "T", 575, -2810, 0],
		[50, "PAD20", "B", 575, -2810, 0],
		[51, "PAD21", "T", 675, -2810, 0],
		[52, "PAD21", "B", 675, -2810, 0],
		[53, "PAD22", "T", 775, -2810, 0],
		[54, "PAD22", "B", 775, -2810, 0],
		[55, "PAD23", "T", 384.84, -2115, 0],
		[56, "PAD23", "B", 384.84, -2115, 0],
		[57, "PAD24", "T", 525, -2115, 0],
		[58, "PAD24", "B", 525, -2115, 0],
		[59, "PAD25", "T", 725, -2115, 0],
		[60, "PAD25", "B", 725, -2115, 0],
		[61, "PAD26", "T", 865.16, -2115, 0],
		[62, "PAD26", "B", 865.16, -2115, 0],
		[63, "PAD27", "T", 1310, -2813.5, 0],
		[64, "PAD27", "B", 1310, -2813.5, 0],
		[65, "PAD28", "T", 1410, -2813.5, 0],
		[66, "PAD28", "B", 1410, -2813.5, 0],
		[67, "PAD29", "T", 1510, -2813.5, 0],
		[68, "PAD29", "B", 1510, -2813.5, 0],
		[69, "PAD30", "T", 1610, -2813.5, 0],
		[70, "PAD30", "B", 1610, -2813.5, 0],
		[71, "PAD31", "T", 1219.84, -2118.5, 0],
		[72, "PAD31", "B", 1219.84, -2118.5, 0],
		[73, "PAD32", "T", 1360, -2118.5, 0],
		[74, "PAD32", "B", 1360, -2118.5, 0],
		[75, "PAD33", "T", 1560, -2118.5, 0],
		[76, "PAD33", "B", 1560, -2118.5, 0],
		[77, "PAD34", "T", 1700.16, -2118.5, 0],
		[78, "PAD34", "B", 1700.16, -2118.5, 0],
		[79, "PAD35", "T", 2145, -2813.5, 0],
		[80, "PAD35", "B", 2145, -2813.5, 0],
		[81, "PAD36", "T", 2245, -2813.5, 0],
		[82, "PAD36", "B", 2245, -2813.5, 0],
		[83, "PAD37", "T", 2345, -2813.5, 0],
		[84, "PAD37", "B", 2345, -2813.5, 0],
		[85, "PAD38", "T", 2445, -2813.5, 0],
		[86, "PAD38", "B", 2445, -2813.5, 0],
		[87, "PAD39", "T", 2054.84, -2118.5, 0],
		[88, "PAD39", "B", 2054.84, -2118.5, 0],
		[89, "PAD40", "T", 2195, -2118.5, 0],
		[90, "PAD40", "B", 2195, -2118.5, 0],
		[91, "PAD41", "T", 2395, -2118.5, 0],
		[92, "PAD41", "B", 2395, -2118.5, 0],
		[93, "PAD42", "T", 2535.16, -2118.5, 0],
		[94, "PAD42", "B", 2535.16, -2118.5, 0],
		[95, "PAD43", "T", 2980, -2815, 0],
		[96, "PAD43", "B", 2980, -2815, 0],
		[97, "PAD44", "T", 3080, -2815, 0],
		[98, "PAD44", "B", 3080, -2815, 0],
		[99, "PAD45", "T", 3180, -2815, 0],
		[100, "PAD45", "B", 3180, -2815, 0],
		[101, "PAD46", "T", 3280, -2815, 0],
		[102, "PAD46", "B", 3280, -2815, 0],
		[103, "PAD47", "T", 2889.84, -2120, 0],
		[104, "PAD47", "B", 2889.84, -2120, 0],
		[105, "PAD48", "T", 3030, -2120, 0],
		[106, "PAD48", "B", 3030, -2120, 0],
		[107, "PAD49", "T", 3230, -2120, 0],
		[108, "PAD49", "B", 3230, -2120, 0],
		[109, "PAD50", "T", 3370.16, -2120, 0],
		[110, "PAD50", "B", 3370.16, -2120, 0],
		[111, "PAD51", "T", 3820, -2815, 0],
		[112, "PAD51", "B", 3820, -2815, 0],
		[113, "PAD52", "T", 3920, -2815, 0],
		[114, "PAD52", "B", 3920, -2815, 0],
		[115, "PAD53", "T", 4020, -2815, 0],
		[116, "PAD53", "B", 4020, -2815, 0],
		[117, "PAD54", "T", 4120, -2815, 0],
		[118, "PAD54", "B", 4120, -2815, 0],
		[119, "PAD55", "T", 3729.84, -2120, 0],
		[120, "PAD55", "B", 3729.84, -2120, 0],
		[121, "PAD56", "T", 3870, -2120, 0],
		[122, "PAD56", "B", 3870, -2120, 0],
		[123, "PAD57", "T", 4070, -2120, 0],
		[124, "PAD57", "B", 4070, -2120, 0],
		[125, "PAD58", "T", 4210.16, -2120, 0],
		[126, "PAD58", "B", 4210.16, -2120, 0],
		[127, "PAD59", "T", 4655, -2815, 0],
		[128, "PAD59", "B", 4655, -2815, 0],
		[129, "PAD60", "T", 4755, -2815, 0],
		[130, "PAD60", "B", 4755, -2815, 0],
		[131, "PAD61", "T", 4855, -2815, 0],
		[132, "PAD61", "B", 4855, -2815, 0],
		[133, "PAD62", "T", 4955, -2815, 0],
		[134, "PAD62", "B", 4955, -2815, 0],
		[135, "PAD63", "T", 4564.84, -2120, 0],
		[136, "PAD63", "B", 4564.84, -2120, 0],
		[137, "PAD64", "T", 4705, -2120, 0],
		[138, "PAD64", "B", 4705, -2120, 0],
		[139, "PAD65", "T", 4905, -2120, 0],
		[140, "PAD65", "B", 4905, -2120, 0],
		[141, "PAD66", "T", 5045.16, -2120, 0],
		[142, "PAD66", "B", 5045.16, -2120, 0],
		[143, "PAD67", "T", 5490, -2815, 0],
		[144, "PAD67", "B", 5490, -2815, 0],
		[145, "PAD68", "T", 5590, -2815, 0],
		[146, "PAD68", "B", 5590, -2815, 0],
		[147, "PAD69", "T", 5690, -2815, 0],
		[148, "PAD69", "B", 5690, -2815, 0],
		[149, "PAD70", "T", 5790, -2815, 0],
		[150, "PAD70", "B", 5790, -2815, 0],
		[151, "PAD71", "T", 5399.84, -2120, 0],
		[152, "PAD71", "B", 5399.84, -2120, 0],
		[153, "PAD72", "T", 5540, -2120, 0],
		[154, "PAD72", "B", 5540, -2120, 0],
		[155, "PAD73", "T", 5740, -2120, 0],
		[156, "PAD73", "B", 5740, -2120, 0],
		[157, "PAD74", "T", 5880.16, -2120, 0],
		[158, "PAD74", "B", 5880.16, -2120, 0],
		[159, "PAD75", "T", 6325, -2815, 0],
		[160, "PAD75", "B", 6325, -2815, 0],
		[161, "PAD76", "T", 6425, -2815, 0],
		[162, "PAD76", "B", 6425, -2815, 0],
		[163, "PAD77", "T", 6525, -2815, 0],
		[164, "PAD77", "B", 6525, -2815, 0],
		[165, "PAD78", "T", 6625, -2815, 0],
		[166, "PAD78", "B", 6625, -2815, 0],
		[167, "PAD79", "T", 6234.84, -2120, 0],
		[168, "PAD79", "B", 6234.84, -2120, 0],
		[169, "PAD80", "T", 6375, -2120, 0],
		[170, "PAD80", "B", 6375, -2120, 0],
		[171, "PAD81", "T", 6575, -2120, 0],
		[172, "PAD81", "B", 6575, -2120, 0],
		[173, "PAD82", "T", 6715.16, -2120, 0],
		[174, "PAD82", "B", 6715.16, -2120, 0]
	]
},
"pins": {
	"fields": ["PIN_NO", "PIN_NAME", "PIN_X", "PIN_Y", "LAYER", "PIN_TYPE", "NET_NAME", "NET_TYPE", "PAD_SHAPE", "PAD_SIZEX", "PAD_SIZEY", "HOLE_SIZE", "HOLE_LEN", "PAD_ANGLE"],
	"rows": [
		[1, "JP1_1", 3085, -2531.5, "T", "DIP", "JP1_1", "", "O", 120, 60, 40, 40.2, 90],
		[2, "JP1_1", 3085, -2531.5, "B", "DIP", "JP1_1", "", "O", 120, 60, 40, 40.2, 90],
		[3, "JP1_2", 3185, -2531.5, "T", "DIP", "JP1_2", "", "O", 120, 60, 40, 40.2, 90],
		[4, "JP1_2", 3185, -2531.5, "B", "DIP", "JP1_2", "", "O", 120, 60, 40, 40.2, 90],
		[5, "JP1_3", 3285, -2531.5, "T", "DIP", "JP1_3", "", "O", 120, 60, 40, 40.2, 90],
		[6, "JP1_3", 3285, -2531.5, "B", "DIP", "JP1_3", "", "O", 120, 60, 40, 40.2, 90],
		[7, "JP1_4", 3385, -2531.5, "T", "DIP", "JP1_4", "", "O", 120, 60, 40, 40.2, 90],
		[8, "JP1_4", 3385, -2531.5, "B", "DIP", "JP1_4", "", "O", 120, 60, 40, 40.2, 90],
		[9, "JP1_5", 3485, -2531.5, "T", "DIP", "JP1_5", "", "O", 120, 60, 40, 40.2, 90],
		[10, "JP1_5", 3485, -2531.5, "B", "DIP", "JP1_5", "", "O", 120, 60, 40, 40.2, 90],
		[11, "JP1_6", 3585, -2531.5, "T", "DIP", "JP1_6", "", "O", 120, 60, 40, 40.2, 90],
		[12, "JP1_6", 3585, -2531.5, "B", "DIP", "JP1_6", "", "O", 120, 60, 40, 40.2, 90],
		[13, "JP1_7", 3685, -2531.5, "T", "DIP", "JP1_7", "", "O", 120, 60, 40, 40.2, 90],
		[14, "JP1_7", 3685, -2531.5, "B", "DIP", "JP1_7", "", "O", 120, 60, 40, 40.2, 90],
		[15, "JP1_8", 3785, -2531.5, "T", "DIP", "JP1_8", "", "O", 120, 60, 40, 40.2, 90],
		[16, "JP1_8", 3785, -2531.5, "B", "DIP", "JP1_8", "", "O", 120, 60, 40, 40.2, 90],
		[17, "JP1_9", 3885, -2531.5, "T", "DIP", "JP1_9", "", "O", 120, 60, 40, 40.2, 90],
		[18, "JP1_9", 3885, -2531.5, "B", "DIP", "JP1_9", "", "O", 120, 60, 40, 40.2, 90],
		[19, "JP1_10", 3985, -2531.5, "T", "DIP", "JP1_10", "", "O", 120, 60, 40, 40.2, 90],
		[20, "JP1_10", 3985, -2531.5, "B", "DIP", "JP1_10", "", "O", 120, 60, 40, 40.2, 90],
		[21, "JP1_11", 4085, -2531.5, "T", "DIP", "JP1_11", "", "O", 120, 60, 40, 40.2, 90],
		[22, "JP1_11", 4085, -2531.5, "B", "DIP", "JP1_11", "", "O", 120, 60, 40, 40.2, 90],
		[23, "JP1_12", 4185, -2531.5, "T", "DIP", "JP1_12", "", "O", 120, 60, 40, 40.2, 90],
		[24, "JP1_12", 4185, -2531.5, "B", "DIP", "JP1_12", "", "O", 120, 60, 40, 40.2, 90],
		[25, "JP1_13", 4285, -2531.5, "T", "DIP", "JP1_13", "", "O", 120, 60, 40, 40.2, 90],
		[26, "JP1_13", 4285, -2531.5, "B", "DIP", "JP1_13", "", "O", 120, 60, 40, 40.2, 90],
		[27, "JP1_14", 4385, -2531.5, "T", "DIP", "JP1_14", "", "O", 120, 60, 40, 40.2, 90],
		[28, "JP1_14", 4385, -2531.5, "B", "DIP", "JP1_14", "", "O", 120, 60, 40, 40.2, 90],
		[29, "JP1_15", 4485, -2531.5, "T", "DIP", "JP1_15", "", "O", 120, 60, 40, 40.2, 90],
		[30, "JP1_15", 4485, -2531.5, "B", "DIP", "JP1_15", "", "O", 120, 60, 40, 40.2, 90],
		[31, "JP1_16", 4585, -2531.5, "T", "DIP", "JP1_16", "", "O", 120, 60, 40, 40.2, 90],
		[32, "JP1_16", 4585, -2531.5, "B", "DIP", "JP1_16", "", "O", 120, 60, 40, 40.2, 90],
		[33, "POWER_1", 6740, -2356.5, "T", "DIP", "JP8_1", "", "C", 60, 60, 36, 36, 0],
		[34, "POWER_1", 6740, -2356.5, "B", "DIP", "JP8_1", "", "C", 60, 60, 36, 36, 0],
		[35, "POWER_2", 6740, -2456.5, "T", "DIP", "JP8_2", "", "C", 60, 60, 36, 36, 0],
		[36, "POWER_2", 6740, -2456.5, "B", "DIP", "JP8_2", "", "C", 60, 60, 36, 36, 0],
		[37, "U1_1", 475, -2810, "T", "DIP", "JP1_1", "", "C", 60, 60, 36, 36, 0],
		[38, "U1_1", 475, -2810, "B", "DIP", "JP1_1", "", "C", 60, 60, 36, 36, 0],
		[39, "U1_2", 575, -2810, "T", "DIP", "JP1_2", "", "C", 60, 60, 36, 36, 0],
		[40, "U1_2", 575, -2810, "B", "DIP", "JP1_2", "", "C", 60, 60, 36, 36, 0],
		[41, "U1_3", 675, -2810, "T", "DIP", "JP8_1", "", "C", 60, 60, 36, 36, 0],
		[42, "U1_3", 675, -2810, "B", "DIP", "JP8_1", "", "C", 60, 60, 36, 36, 0],
		[43, "U1_4", 775, -2810, "T", "DIP", "JP8_2", "", "C", 60, 60, 36, 36, 0],
		[44, "U1_4", 775, -2810, "B", "DIP", "JP8_2", "", "C", 60, 60, 36, 36, 0],
		[45, "U1_5", 384.84, -2115, "T", "DIP", "U1_5", "", "C", 60, 60, 36, 36, 0],
		[46, "U1_5", 384.84, -2115, "B", "DIP", "U1_5", "", "C", 60, 60, 36, 36, 0],
		[47, "U1_6", 525, -2115, "T", "DIP", "U1_6", "", "C", 60, 60, 36, 36, 0],
		[48, "U1_6", 525, -2115, "B", "DIP", "U1_6", "", "C", 60, 60, 36, 36, 0],
		[49, "U1_7", 725, -2115, "T", "DIP", "U1_7", "", "C", 60, 60, 36, 36, 0],
		[50, "U1_7", 725, -2115, "B", "DIP", "U1_7", "", "C", 60, 60, 36, 36, 0],
		[51, "U1_8", 865.16, -2115, "T", "DIP", "U1_8", "", "C", 60, 60, 36, 36, 0],
		[52, "U1_8", 865.16, -2115, "B", "DIP", "U1_8", "", "C", 60, 60, 36, 36, 0],
		[53, "U2_1", 1310, -2813.5, "T", "DIP", "JP1_3", "", "C", 60, 60, 36, 36, 0],
		[54, "U2_1", 1310, -2813.5, "B", "DIP", "JP1_3", "", "C", 60, 60, 36, 36, 0],
		[55, "U2_2", 1410, -2813.5, "T", "DIP", "JP1_4", "", "C", 60, 60, 36, 36, 0],
		[56, "U2_2", 1410, -2813.5, "B", "DIP", "JP1_4", "", "C", 60, 60, 36, 36, 0],
		[57, "U2_3", 1510, -2813.5, "T", "DIP", "JP8_1", "", "C", 60, 60, 36, 36, 0],
		[58, "U2_3", 1510, -2813.5, "B", "DIP", "JP8_1", "", "C", 60, 60, 36, 36, 0],
		[59, "U2_4", 1610, -2813.5, "T", "DIP", "JP8_2", "", "C", 60, 60, 36, 36, 0],
		[60, "U2_4", 1610, -2813.5, "B", "DIP", "JP8_2", "", "C", 60, 60, 36, 36, 0],
		[61, "U2_5", 1219.84, -2118.5, "T", "DIP", "U3_5", "", "C", 60, 60, 36, 36, 0],
		[62, "U2_5", 1219.84, -2118.5, "B", "DIP", "U3_5", "", "C", 60, 60, 36, 36, 0],
		[63, "U2_6", 1360, -2118.5, "T", "DIP", "U3_6", "", "C", 60, 60, 36, 36, 0],
		[64, "U2_6", 1360, -2118.5, "B", "DIP", "U3_6", "", "C", 60, 60, 36, 36, 0],
		[65, "U2_7", 1560, -2118.5, "T", "DIP", "U3_7", "", "C", 60, 60, 36, 36, 0],
		[66, "U2_7", 1560, -2118.5, "B", "DIP", "U3_7", "", "C", 60, 60, 36, 36, 0],
		[67, "U2_8", 1700.16, -2118.5, "T", "DIP", "U3_8", "", "C", 60, 60, 36, 36, 0],
		[68, "U2_8", 1700.16, -2118.5, "B", "DIP", "U3_8", "", "C", 60, 60, 36, 36, 0],
		[69, "U3_1", 2145, -2813.5, "T", "DIP", "JP1_5", "", "C", 60, 60, 36, 36, 0],
		[70, "U3_1", 2145, -2813.5, "B", "DIP", "JP1_5", "", "C", 60, 60, 36, 36, 0],
		[71, "U3_2", 2245, -2813.5, "T", "DIP", "JP1_6", "", "C", 60, 60, 36, 36, 0],
		[72, "U3_2", 2245, -2813.5, "B", "DIP", "JP1_6", "", "C", 60, 60, 36, 36, 0],
		[73, "U3_3", 2345, -2813.5, "T", "DIP", "JP8_1", "", "C", 60, 60, 36, 36, 0],
		[74, "U3_3", 2345, -2813.5, "B", "DIP", "JP8_1", "", "C", 60, 60, 36, 36, 0],
		[75, "U3_4", 2445, -2813.5, "T", "DIP", "JP8_2", "", "C", 60, 60, 36, 36, 0],
		[76, "U3_4", 2445, -2813.5, "B", "DIP", "JP8_2", "", "C", 60, 60, 36, 36, 0],
		[77, "U3_5", 2054.84, -2118.5, "T", "DIP", "U4_5", "", "C", 60, 60, 36, 36, 0],
		[78, "U3_5", 2054.84, -2118.5, "B", "DIP", "U4_5", "", "C", 60, 60, 36, 36, 0],
		[79, "U3_6", 2195, -2118.5, "T", "DIP", "U4_6", "", "C", 60, 60, 36, 36, 0],
		[80, "U3_6", 2195, -2118.5, "B", "DIP", "U4_6", "", "C", 60, 60, 36, 36, 0],
		[81, "U3_7", 2395, -2118.5, "T", "DIP", "U4_7", "", "C", 60, 60, 36, 36, 0],
		[82, "U3_7", 2395, -2118.5, "B", "DIP", "U4_7", "", "C", 60, 60, 36, 36, 0],
		[83, "U3_8", 2535.16, -2118.5, "T", "DIP", "U4_8", "", "C", 60, 60, 36, 36, 0],
		[84, "U3_8", 2535.16, -2118.5, "B", "DIP", "U4_8", "", "C", 60, 60, 36, 36, 0],
		[85, "U4_1", 2980, -2815, "T", "DIP", "JP1_7", "", "C", 60, 60, 36, 36, 0],
		[86, "U4_1", 2980, -2815, "B", "DIP", "JP1_7", "", "C", 60, 60, 36, 36, 0],
		[87, "U4_2", 3080, -2815, "T", "DIP", "JP1_8", "", "C", 60, 60, 36, 36, 0],
		[88, "U4_2", 3080, -2815, "B", "DIP", "JP1_8", "", "C", 60, 60, 36, 36, 0],
		[89, "U4_3", 3180, -2815, "T", "DIP", "JP8_1", "", "C", 60, 60, 36, 36, 0],
		[90, "U4_3", 3180, -2815, "B", "DIP", "JP8_1", "", "C", 60, 60, 36, 36, 0],
		[91, "U4_4", 3280, -2815, "T", "DIP", "JP8_2", "", "C", 60, 60, 36, 36, 0],
		[92, "U4_4", 3280, -2815, "B", "DIP", "JP8_2", "", "C", 60, 60, 36, 36, 0],
		[93, "U4_5", 2889.84, -2120, "T", "DIP", "U5_5", "", "C", 60, 60, 36, 36, 0],
		[94, "U4_5", 2889.84, -2120, "B", "DIP", "U5_5", "", "C", 60, 60, 36, 36, 0],
		[95, "U4_6", 3030, -2120, "T", "DIP", "U5_6", "", "C", 60, 60, 36, 36, 0],
		[96, "U4_6", 3030, -2120, "B", "DIP", "U5_6", "", "C", 60, 60, 36, 36, 0],
		[97, "U4_7", 3230, -2120, "T", "DIP", "U5_7", "", "C", 60, 60, 36, 36, 0],
		[98, "U4_7", 3230, -2120, "B", "DIP", "U5_7", "", "C", 60, 60, 36, 36, 0],
		[99, "U4_8", 3370.16, -2120, "T", "DIP", "U5_8", "", "C", 60, 60, 36, 36, 0],
		[100, "U4_8", 3370.16, -2120, "B", "DIP", "U5_8", "", "C", 60, 60, 36, 36, 0],
		[101, "U5_1", 3820, -2815, "T", "DIP", "JP1_9", "", "C", 60, 60, 36, 36, 0],
		[102, "U5_1", 3820, -2815, "B", "DIP", "JP1_9", "", "C", 60, 60, 36, 36, 0],
		[103, "U5_2", 3920, -2815, "T", "DIP", "JP1_10", "", "C", 60, 60, 36, 36, 0],
		[104, "U5_2", 3920, -2815, "B", "DIP", "JP1_10", "", "C", 60, 60, 36, 36, 0],
		[105, "U5_3", 4020, -2815, "T", "DIP", "JP8_1", "", "C", 60, 60, 36, 36, 0],
		[106, "U5_3", 4020, -2815, "B", "DIP", "JP8_1", "", "C", 60, 60, 36, 36, 0],
		[107, "U5_4", 4120, -2815, "T", "DIP", "JP8_2", "", "C", 60, 60, 36, 36, 0],
		[108, "U5_4", 4120, -2815, "B", "DIP", "JP8_2", "", "C", 60, 60, 36, 36, 0],
		[109, "U5_5", 3729.84, -2120, "T", "DIP", "U6_5", "", "C", 60, 60, 36, 36, 0],
		[110, "U5_5", 3729.84, -2120, "B", "DIP", "U6_5", "", "C", 60, 60, 36, 36, 0],
		[111, "U5_6", 3870, -2120, "T", "DIP", "U6_6", "", "C", 60, 60, 36, 36, 0],
		[112, "U5_6", 3870, -2120, "B", "DIP", "U6_6", "", "C", 60, 60, 36, 36, 0],
		[113, "U5_7", 4070, -2120, "T", "DIP", "U6_7", "", "C", 60, 60, 36, 36, 0],
		[114, "U5_7", 4070, -2120, "B", "DIP", "U6_7", "", "C", 60, 60, 36, 36, 0],
		[115, "U5_8", 4210.16, -2120, "T", "DIP", "U6_8", "", "C", 60, 60, 36, 36, 0],
		[116, "U5_8", 4210.16, -2120, "B", "DIP", "U6_8", "", "C", 60, 60, 36, 36, 0],
		[117, "U6_1", 4655, -2815, "T", "DIP", "JP1_11", "", "C", 60, 60, 36, 36, 0],
		[118, "U6_1", 4655, -2815, "B", "DIP", "JP1_11", "", "C", 60, 60, 36, 36, 0],
		[119, "U6_2", 4755, -2815, "T", "DIP", "JP1_12", "", "C", 60, 60, 36, 36, 0],
		[120, "U6_2", 4755, -2815, "B", "DIP", "JP1_12", "", "C", 60, 60, 36, 36, 0],
		[121, "U6_3", 4855, -2815, "T", "DIP", "JP8_1", "", "C", 60, 60, 36, 36, 0],
		[122, "U6_3", 4855, -2815, "B", "DIP", "JP8_1", "", "C", 60, 60, 36, 36, 0],
		[123, "U6_4", 4955, -2815, "T", "DIP", "JP8_2", "", "C", 60, 60, 36, 36, 0],
		[124, "U6_4", 4955, -2815, "B", "DIP", "JP8_2", "", "C", 60, 60, 36, 36, 0],
		[125, "U6_5", 4564.84, -2120, "T", "DIP", "U7_5", "", "C", 60, 60, 36, 36, 0],
		[126, "U6_5", 4564.84, -2120, "B", "DIP", "U7_5", "", "C", 60, 60, 36, 36, 0],
		[127, "U6_6", 4705, -2120, "T", "DIP", "U7_6", "", "C", 60, 60, 36, 36, 0],
		[128, "U6_6", 4705, -2120, "B", "DIP", "U7_6", "", "C", 60, 60, 36, 36, 0],
		[129, "U6_7", 4905, -2120, "T", "DIP", "U7_7", "", "C", 60, 60, 36, 36, 0],
		[130, "U6_7", 4905, -2120, "B", "DIP", "U7_7", "", "C", 60, 60, 36, 36, 0],
		[131, "U6_8", 5045.16, -2120, "T", "DIP", "U7_8", "", "C", 60, 60, 36, 36, 0],
		[132, "U6_8", 5045.16, -2120, "B", "DIP", "U7_8", "", "C", 60, 60, 36, 36, 0],
		[133, "U7_1", 5490, -2815, "T", "DIP", "JP1_13", "", "C", 60, 60, 36, 36, 0],
		[134, "U7_1", 5490, -2815, "B", "DIP", "JP1_13", "", "C", 60, 60, 36, 36, 0],
		[135, "U7_2", 5590, -2815, "T", "DIP", "JP1_14", "", "C", 60, 60, 36, 36, 0],
		[136, "U7_2", 5590, -2815, "B", "DIP", "JP1_14", "", "C", 60, 60, 36, 36, 0],
		[137, "U7_3", 5690, -2815, "T", "DIP", "JP8_1", "", "C", 60, 60, 36, 36, 0],
		[138, "U7_3", 5690, -2815, "B", "DIP", "JP8_1", "", "C", 60, 60, 36, 36, 0],
		[139, "U7_4", 5790, -2815, "T", "DIP", "JP8_2", "", "C", 60, 60, 36, 36, 0],
		[140, "U7_4", 5790, -2815, "B", "DIP", "JP8_2", "", "C", 60, 60, 36, 36, 0],
		[141, "U7_5", 5399.84, -2120, "T", "DIP", "U8_5", "", "C", 60, 60, 36, 36, 0],
		[142, "U7_5", 5399.84, -2120, "B", "DIP", "U8_5", "", "C", 60, 60, 36, 36, 0],
		[143, "U7_6", 5540, -2120, "T", "DIP", "U8_6", "", "C", 60, 60, 36, 36, 0],
		[144, "U7_6", 5540, -2120, "B", "DIP", "U8_6", "", "C", 60, 60, 36, 36, 0],
		[145, "U7_7", 5740, -2120, "T", "DIP", "U8_7", "", "C", 60, 60, 36, 36, 0],
		[146, "U7_7", 5740, -2120, "B", "DIP", "U8_7", "", "C", 60, 60, 36, 36, 0],
		[147, "U7_8", 5880.16, -2120, "T", "DIP", "U8_8", "", "C", 60, 60, 36, 36, 0],
		[148, "U7_8", 5880.16, -2120, "B", "DIP", "U8_8", "", "C", 60, 60, 36, 36, 0],
		[149, "U8_1", 6325, -2815, "T", "DIP", "JP1_15", "", "C", 60, 60, 36, 36, 0],
		[150, "U8_1", 6325, -2815, "B", "DIP", "JP1_15", "", "C", 60, 60, 36, 36, 0],
		[151, "U8_2", 6425, -2815, "T", "DIP", "JP1_16", "", "C", 60, 60, 36, 36, 0],
		[152, "U8_2", 6425, -2815, "B", "DIP", "JP1_16", "", "C", 60, 60, 36, 36, 0],
		[153, "U8_3", 6525, -2815, "T", "DIP", "JP8_1", "", "C", 60, 60, 36, 36, 0],
		[154, "U8_3", 6525, -2815, "B", "DIP", "JP8_1", "", "C", 60, 60, 36, 36, 0],
		[155, "U8_4", 6625, -2815, "T", "DIP", "JP8_2", "", "C", 60, 60, 36, 36, 0],
		[156, "U8_4", 6625, -2815, "B", "DIP", "JP8_2", "", "C", 60, 60, 36, 36, 0],
		[157, "U8_5", 6234.84, -2120, "T", "DIP", "U9_5", "", "C", 60, 60, 36, 36, 0],
		[158, "U8_5", 6234.84, -2120, "B", "DIP", "U9_5", "", "C", 60, 60, 36, 36, 0],
		[159, "U8_6", 6375, -2120, "T", "DIP", "U9_6", "", "C", 60, 60, 36, 36, 0],
		[160, "U8_6", 6375, -2120, "B", "DIP", "U9_6", "", "C", 60, 60, 36, 36, 0],
		[161, "U8_7", 6575, -2120, "T", "DIP", "U9_7", "", "C", 60, 60, 36, 36, 0],
		[162, "U8_7", 6575, -2120, "B", "DIP", "U9_7", "", "C", 60, 60, 36, 36, 0],
		[163, "U8_8", 6715.16, -2120, "T", "DIP", "U9_8", "", "C", 60, 60, 36, 36, 0],
		[164, "U8_8", 6715.16, -2120, "B", "DIP", "U9_8", "", "C", 60, 60, 36, 36, 0],
		[165, "PAD1_1", 3085, -2531.5, "T", "DIP", "JP1_1", "", "O", 120, 60, 40, 40.2, 90],
		[166, "PAD1_1", 3085, -2531.5, "B", "DIP", "JP1_1", "", "O", 120, 60, 40, 40.2, 90],
		[167, "PAD2_2", 3185, -2531.5, "T", "DIP", "JP1_2", "", "O", 120, 60, 40, 40.2, 90],
		[168, "PAD2_2", 3185, -2531.5, "B", "DIP", "JP1_2", "", "O", 120, 60, 40, 40.2, 90],
		[169, "PAD3_3", 3285, -2531.5, "T", "DIP", "JP1_3", "", "O", 120, 60, 40, 40.2, 90],
		[170, "PAD3_3", 3285, -2531.5, "B", "DIP", "JP1_3", "", "O", 120, 60, 40, 40.2, 90],
		[171, "PAD4_4", 3385, -2531.5, "T", "DIP", "JP1_4", "", "O", 120, 60, 40, 40.2, 90],
		[172, "PAD4_4", 3385, -2531.5, "B", "DIP", "JP1_4", "", "O", 120, 60, 40, 40.2, 90],
		[173, "PAD5_5", 3485, -2531.5, "T", "DIP", "JP1_5", "", "O", 120, 60, 40, 40.2, 90],
		[174, "PAD5_5", 3485, -2531.5, "B", "DIP", "JP1_5", "", "O", 120, 60, 40, 40.2, 90],
		[175, "PAD6_6", 3585, -2531.5, "T", "DIP", "JP1_6", "", "O", 120, 60, 40, 40.2, 90],
		[176, "PAD6_6", 3585, -2531.5, "B", "DIP", "JP1_6", "", "O", 120, 60, 40, 40.2, 90],
		[177, "PAD7_7", 3685, -2531.5, "T", "DIP", "JP1_7", "", "O", 120, 60, 40, 40.2, 90],
		[178, "PAD7_7", 3685, -2531.5, "B", "DIP", "JP1_7", "", "O", 120, 60, 40, 40.2, 90],
		[179, "PAD8_8", 3785, -2531.5, "T", "DIP", "JP1_8", "", "O", 120, 60, 40, 40.2, 90],
		[180, "PAD8_8", 3785, -2531.5, "B", "DIP", "JP1_8", "", "O", 120, 60, 40, 40.2, 90],
		[181, "PAD9_9", 3885, -2531.5, "T", "DIP", "JP1_9", "", "O", 120, 60, 40, 40.2, 90],
		[182, "PAD9_9", 3885, -2531.5, "B", "DIP", "JP1_9", "", "O", 120, 60, 40, 40.2, 90],
		[183, "PAD10_10", 3985, -2531.5, "T", "DIP", "JP1_10", "", "O", 120, 60, 40, 40.2, 90],
		[184, "PAD10_10", 3985, -2531.5, "B", "DIP", "JP1_10", "", "O", 120, 60, 40, 40.2, 90],
		[185, "PAD11_11", 4085, -2531.5, "T", "DIP", "JP1_11", "", "O", 120, 60, 40, 40.2, 90],
		[186, "PAD11_11", 4085, -2531.5, "B", "DIP", "JP1_11", "", "O", 120, 60, 40, 40.2, 90],
		[187, "PAD12_12", 4185, -2531.5, "T", "DIP", "JP1_12", "", "O", 120, 60, 40, 40.2, 90],
		[188, "PAD12_12", 4185, -2531.5, "B", "DIP", "JP1_12", "", "O", 120, 60, 40, 40.2, 90],
		[189, "PAD13_13", 4285, -2531.5, "T", "DIP", "JP1_13", "", "O", 120, 60, 40, 40.2, 90],
		[190, "PAD13_13", 4285, -2531.5, "B", "DIP", "JP1_13", "", "O", 120, 60, 40, 40.2, 90],
		[191, "PAD14_14", 4385, -2531.5, "T", "DIP", "JP1_14", "", "O", 120, 60, 40, 40.2, 90],
		[192, "PAD14_14", 4385, -2531.5, "B", "DIP", "JP1_14", "", "O", 120, 60, 40, 40.2, 90],
		[193, "PAD15_15", 4485, -2531.5, "T", "DIP", "JP1_15", "", "O", 120, 60, 40, 40.2, 90],
		[194, "PAD15_15", 4485, -2531.5, "B", "DIP", "JP1_15", "", "O", 120, 60, 40, 40.2, 90],
		[195, "PAD16_16", 4585, -2531.5, "T", "DIP", "JP1_16", "", "O", 120, 60, 40, 40.2, 90],
		[196, "PAD16_16", 4585, -2531.5, "B", "DIP", "JP1_16", "", "O", 120, 60, 40, 40.2, 90],
		[197, "PAD17_1", 6740, -2356.5, "T", "DIP", "JP8_1", "", "C", 60, 60, 36, 36, 0],
		[198, "PAD17_1", 6740, -2356.5, "B", "DIP", "JP8_1", "", "C", 60, 60, 36, 36, 0],
		[199, "PAD18_2", 6740, -2456.5, "T", "DIP", "JP8_2", "", "C", 60, 60, 36, 36, 0],
		[200, "PAD18_2", 6740, -2456.5, "B", "DIP", "JP8_2", "", "C", 60, 60, 36, 36, 0],
		[201, "PAD19_1", 475, -2810, "T", "DIP", "JP1_1", "", "C", 60, 60, 36, 36, 0],
		[202, "PAD19_1", 475, -2810, "B", "DIP", "JP1_1", "", "C", 60, 60, 36, 36, 0],
		[203, "PAD20_2", 575, -2810, "T", "DIP", "JP1_2", "", "C", 60, 60, 36, 36, 0],
		[204, "PAD20_2", 575, -2810, "B", "DIP", "JP1_2", "", "C", 60, 60, 36, 36, 0],
		[205, "PAD21_3", 675, -2810, "T", "DIP", "JP8_1", "", "C", 60, 60, 36, 36, 0],
		[206, "PAD21_3", 675, -2810, "B", "DIP", "JP8_1", "", "C", 60, 60, 36, 36, 0],
		[207, "PAD22_4", 775, -2810, "T", "DIP", "JP8_2", "", "C", 60, 60, 36, 36, 0],
		[208, "PAD22_4", 775, -2810, "B", "DIP", "JP8_2", "", "C", 60, 60, 36, 36, 0],
		[209, "PAD23_5", 384.84, -2115, "T", "DIP", "U1_5", "", "C", 60, 60, 36, 36, 0],
		[210, "PAD23_5", 384.84, -2115, "B", "DIP", "U1_5", "", "C", 60, 60, 36, 36, 0],
		[211, "PAD24_6", 525, -2115, "T", "DIP", "U1_6", "", "C", 60, 60, 36, 36, 0],
		[212, "PAD24_6", 525, -2115, "B", "DIP", "U1_6", "", "C", 60, 60, 36, 36, 0],
		[213, "PAD25_7", 725, -2115, "T", "DIP", "U1_7", "", "C", 60, 60, 36, 36, 0],
		[214, "PAD25_7", 725, -2115, "B", "DIP", "U1_7", "", "C", 60, 60, 36, 36, 0],
		[215, "PAD26_8", 865.16, -2115, "T", "DIP", "U1_8", "", "C", 60, 60, 36, 36, 0],
		[216, "PAD26_8", 865.16, -2115, "B", "DIP", "U1_8", "", "C", 60, 60, 36, 36, 0],
		[217, "PAD27_1", 1310, -2813.5, "T", "DIP", "JP1_3", "", "C", 60, 60, 36, 36, 0],
		[218, "PAD27_1", 1310, -2813.5, "B", "DIP", "JP1_3", "", "C", 60, 60, 36, 36, 0],
		[219, "PAD28_2", 1410, -2813.5, "T", "DIP", "JP1_4", "", "C", 60, 60, 36, 36, 0],
		[220, "PAD28_2", 1410, -2813.5, "B", "DIP", "JP1_4", "", "C", 60, 60, 36, 36, 0],
		[221, "PAD29_3", 1510, -2813.5, "T", "DIP", "JP8_1", "", "C", 60, 60, 36, 36, 0],
		[222, "PAD29_3", 1510, -2813.5, "B", "DIP", "JP8_1", "", "C", 60, 60, 36, 36, 0],
		[223, "PAD30_4", 1610, -2813.5, "T", "DIP", "JP8_2", "", "C", 60, 60, 36, 36, 0],
		[224, "PAD30_4", 1610, -2813.5, "B", "DIP", "JP8_2", "", "C", 60, 60, 36, 36, 0],
		[225, "PAD31_5", 1219.84, -2118.5, "T", "DIP", "U3_5", "", "C", 60, 60, 36, 36, 0],
		[226, "PAD31_5", 1219.84, -2118.5, "B", "DIP", "U3_5", "", "C", 60, 60, 36, 36, 0],
		[227, "PAD32_6", 1360, -2118.5, "T", "DIP", "U3_6", "", "C", 60, 60, 36, 36, 0],
		[228, "PAD32_6", 1360, -2118.5, "B", "DIP", "U3_6", "", "C", 60, 60, 36, 36, 0],
		[229, "PAD33_7", 1560, -2118.5, "T", "DIP", "U3_7", "", "C", 60, 60, 36, 36, 0],
		[230, "PAD33_7", 1560, -2118.5, "B", "DIP", "U3_7", "", "C", 60, 60, 36, 36, 0],
		[231, "PAD34_8", 1700.16, -2118.5, "T", "DIP", "U3_8", "", "C", 60, 60, 36, 36, 0],
		[232, "PAD34_8", 1700.16, -2118.5, "B", "DIP", "U3_8", "", "C", 60, 60, 36, 36, 0],
		[233, "PAD35_1", 2145, -2813.5, "T", "DIP", "JP1_5", "", "C", 60, 60, 36, 36, 0],
		[234, "PAD35_1", 2145, -2813.5, "B", "DIP", "JP1_5", "", "C", 60, 60, 36, 36, 0],
		[235, "PAD36_2", 2245, -2813.5, "T", "DIP", "JP1_6", "", "C", 60, 60, 36, 36, 0],
		[236, "PAD36_2", 2245, -2813.5, "B", "DIP", "JP1_6", "", "C", 60, 60, 36, 36, 0],
		[237, "PAD37_3", 2345, -2813.5, "T", "DIP", "JP8_1", "", "C", 60, 60, 36, 36, 0],
		[238, "PAD37_3", 2345, -2813.5, "B", "DIP", "JP8_1", "", "C", 60, 60, 36, 36, 0],
		[239, "PAD38_4", 2445, -2813.5, "T", "DIP", "JP8_2", "", "C", 60, 60, 36, 36, 0],
		[240, "PAD38_4", 2445, -2813.5, "B", "DIP", "JP8_2", "", "C", 60, 60, 36, 36, 0],
		[241, "PAD39_5", 2054.84, -2118.5, "T", "DIP", "U4_5", "", "C", 60, 60, 36, 36, 0],
		[242, "PAD39_5", 2054.84, -2118.5, "B", "DIP", "U4_5", "", "C", 60, 60, 36, 36, 0],
		[243, "PAD40_6", 2195, -2118.5, "T", "DIP", "U4_6", "", "C", 60, 60, 36, 36, 0],
		[244, "PAD40_6", 2195, -2118.5, "B", "DIP", "U4_6", "", "C", 60, 60, 36, 36, 0],
		[245, "PAD41_7", 2395, -2118.5, "T", "DIP", "U4_7", "", "C", 60, 60, 36, 36, 0],
		[246, "PAD41_7", 2395, -2118.5, "B", "DIP", "U4_7", "", "C", 60, 60, 36, 36, 0],
		[247, "PAD42_8", 2535.16, -2118.5, "T", "DIP", "U4_8", "", "C", 60, 60, 36, 36, 0],
		[248, "PAD42_8", 2535.16, -2118.5, "B", "DIP", "U4_8", "", "C", 60, 60, 36, 36, 0],
		[249, "PAD43_1", 2980, -2815, "T", "DIP", "JP1_7", "", "C", 60, 60, 36, 36, 0],
		[250, "PAD43_1", 2980, -2815, "B", "DIP", "JP1_7", "", "C", 60, 60, 36, 36, 0],
		[251, "PAD44_2", 3080, -2815, "T", "DIP", "JP1_8", "", "C", 60, 60, 36, 36, 0],
		[252, "PAD44_2", 3080, -2815, "B", "DIP", "JP1_8", "", "C", 60, 60, 36, 36, 0],
		[253, "PAD45_3", 3180, -2815, "T", "DIP", "JP8_1", "", "C", 60, 60, 36, 36, 0],
		[254, "PAD45_3", 3180, -2815, "B", "DIP", "JP8_1", "", "C", 60, 60, 36, 36, 0],
		[255, "PAD46_4", 3280, -2815, "T", "DIP", "JP8_2", "", "C", 60, 60, 36, 36, 0],
		[256, "PAD46_4", 3280, -2815, "B", "DIP", "JP8_2", "", "C", 60, 60, 36, 36, 0],
		[257, "PAD47_5", 2889.84, -2120, "T", "DIP", "U5_5", "", "C", 60, 60, 36, 36, 0],
		[258, "PAD47_5", 2889.84, -2120, "B", "DIP", "U5_5", "", "C", 60, 60, 36, 36, 0],
		[259, "PAD48_6", 3030, -2120, "T", "DIP", "U5_6", "", "C", 60, 60, 36, 36, 0],
		[260, "PAD48_6", 3030, -2120, "B", "DIP", "U5_6", "", "C", 60, 60, 36, 36, 0],
		[261, "PAD49_7", 3230, -2120, "T", "DIP", "U5_7", "", "C", 60, 60, 36, 36, 0],
		[262, "PAD49_7", 3230, -2120, "B", "DIP", "U5_7", "", "C", 60, 60, 36, 36, 0],
		[263, "PAD50_8", 3370.16, -2120, "T", "DIP", "U5_8", "", "C", 60, 60, 36, 36, 0],
		[264, "PAD50_8", 3370.16, -2120, "B", "DIP", "U5_8", "", "C", 60, 60, 36, 36, 0],
		[265, "PAD51_1", 3820, -2815, "T", "DIP", "JP1_9", "", "C", 60, 60, 36, 36, 0],
		[266, "PAD51_1", 3820, -2815, "B", "DIP", "JP1_9", "", "C", 60, 60, 36, 36, 0],
		[267, "PAD52_2", 3920, -2815, "T", "DIP", "JP1_10", "", "C", 60, 60, 36, 36, 0],
		[268, "PAD52_2", 3920, -2815, "B", "DIP", "JP1_10", "", "C", 60, 60, 36, 36, 0],
		[269, "PAD53_3", 4020, -2815, "T", "DIP", "JP8_1", "", "C", 60, 60, 36, 36, 0],
		[270, "PAD53_3", 4020, -2815, "B", "DIP", "JP8_1", "", "C", 60, 60, 36, 36, 0],
		[271, "PAD54_4", 4120, -2815, "T", "DIP", "JP8_2", "", "C", 60, 60, 36, 36, 0],
		[272, "PAD54_4", 4120, -2815, "B", "DIP", "JP8_2", "", "C", 60, 60, 36, 36, 0],
		[273, "PAD55_5", 3729.84, -2120, "T", "DIP", "U6_5", "", "C", 60, 60, 36, 36, 0],
		[274, "PAD55_5", 3729.84, -2120, "B", "DIP", "U6_5", "", "C", 60, 60, 36, 36, 0],
		[275, "PAD56_6", 3870, -2120, "T", "DIP", "U6_6", "", "C", 60, 60, 36, 36, 0],
		[276, "PAD56_6", 3870, -2120, "B", "DIP", "U6_6", "", "C", 60, 60, 36, 36, 0],
		[277, "PAD57_7", 4070, -2120, "T", "DIP", "U6_7", "", "C", 60, 60, 36, 36, 0],
		[278, "PAD57_7", 4070, -2120, "B", "DIP", "U6_7", "", "C", 60, 60, 36, 36, 0],
		[279, "PAD58_8", 4210.16, -2120, "T", "DIP", "U6_8", "", "C", 60, 60, 36, 36, 0],
		[280, "PAD58_8", 4210.16, -2120, "B", "DIP", "U6_8", "", "C", 60, 60, 36, 36, 0],
		[281, "PAD59_1", 4655, -2815, "T", "DIP", "JP1_11", "", "C", 60, 60, 36, 36, 0],
		[282, "PAD59_1", 4655, -2815, "B", "DIP", "JP1_11", "", "C", 60, 60, 36, 36, 0],
		[283, "PAD60_2", 4755, -2815, "T", "DIP", "JP1_12", "", "C", 60, 60, 36, 36, 0],
		[284, "PAD60_2", 4755, -2815, "B", "DIP", "JP1_12", "", "C", 60, 60, 36, 36, 0],
		[285, "PAD61_3", 4855, -2815, "T", "DIP", "JP8_1", "", "C", 60, 60, 36, 36, 0],
		[286, "PAD61_3", 4855, -2815, "B", "DIP", "JP8_1", "", "C", 60, 60, 36, 36, 0],
		[287, "PAD62_4", 4955, -2815, "T", "DIP", "JP8_2", "", "C", 60, 60, 36, 36, 0],
		[288, "PAD62_4", 4955, -2815, "B", "DIP", "JP8_2", "", "C", 60, 60, 36, 36, 0],
		[289, "PAD63_5", 4564.84, -2120, "T", "DIP", "U7_5", "", "C", 60, 60, 36, 36, 0],
		[290, "PAD63_5", 4564.84, -2120, "B", "DIP", "U7_5", "", "C", 60, 60, 36, 36, 0],
		[291, "PAD64_6", 4705, -2120, "T", "DIP", "U7_6", "", "C", 60, 60, 36, 36, 0],
		[292, "PAD64_6", 4705, -2120, "B", "DIP", "U7_6", "", "C", 60, 60, 36, 36, 0],
		[293, "PAD65_7", 4905, -2120, "T", "DIP", "U7_7", "", "C", 60, 60, 36, 36, 0],
		[294, "PAD65_7", 4905, -2120, "B", "DIP", "U7_7", "", "C", 60, 60, 36, 36, 0],
		[295, "PAD66_8", 5045.16, -2120, "T", "DIP", "U7_8", "", "C", 60, 60, 36, 36, 0],
		[296, "PAD66_8", 5045.16, -2120, "B", "DIP", "U7_8", "", "C", 60, 60, 36, 36, 0],
		[297, "PAD67_1", 5490, -2815, "T", "DIP", "JP1_13", "", "C", 60, 60, 36, 36, 0],
		[298, "PAD67_1", 5490, -2815, "B", "DIP", "JP1_13", "", "C", 60, 60, 36, 36, 0],
		[299, "PAD68_2", 5590, -2815, "T", "DIP", "JP1_14", "", "C", 60, 60, 36, 36, 0],
		[300, "PAD68_2", 5590, -2815, "B", "DIP", "JP1_14", "", "C", 60, 60, 36, 36, 0],
		[301, "PAD69_3", 5690, -2815, "T", "DIP", "JP8_1", "", "C", 60, 60, 36, 36, 0],
		[302, "PAD69_3", 5690, -2815, "B", "DIP", "JP8_1", "", "C", 60, 60, 36, 36, 0],
		[303, "PAD70_4", 5790, -2815, "T", "DIP", "JP8_2", "", "C", 60, 60, 36, 36, 0],
		[304, "PAD70_4", 5790, -2815, "B", "DIP", "JP8_2", "", "C", 60, 60, 36, 36, 0],
		[305, "PAD71_5", 5399.84, -2120, "T", "DIP", "U8_5", "", "C", 60, 60, 36, 36, 0],
		[306, "PAD71_5", 5399.84, -2120, "B", "DIP", "U8_5", "", "C", 60, 60, 36, 36, 0],
		[307, "PAD72_6", 5540, -2120, "T", "DIP", "U8_6", "", "C", 60, 60, 36, 36, 0],
		[308, "PAD72_6", 5540, -2120, "B", "DIP", "U8_6", "", "C", 60, 60, 36, 36, 0],
		[309, "PAD73_7", 5740, -2120, "T", "DIP", "U8_7", "", "C", 60, 60, 36, 36, 0],
		[310, "PAD73_7", 5740, -2120, "B", "DIP", "U8_7", "", "C", 60, 60, 36, 36, 0],
		[311, "PAD74_8", 5880.16, -2120, "T", "DIP", "U8_8", "", "C", 60, 60, 36, 36, 0],
		[312, "PAD74_8", 5880.16, -2120, "B", "DIP", "U8_8", "", "C", 60, 60, 36, 36, 0],
		[313, "PAD75_1", 6325, -2815, "T", "DIP", "JP1_15", "", "C", 60, 60, 36, 36, 0],
		[314, "PAD75_1", 6325, -2815, "B", "DIP", "JP1_15", "", "C", 60, 60, 36, 36, 0],
		[315, "PAD76_2", 6425, -2815, "T", "DIP", "JP1_16", "", "C", 60, 60, 36, 36, 0],
		[316, "PAD76_2", 6425, -2815, "B", "DIP", "JP1_16", "", "C", 60, 60, 36, 36, 0],
		[317, "PAD77_3", 6525, -2815, "T", "DIP", "JP8_1", "", "C", 60, 60, 36, 36, 0],
		[318, "PAD77_3", 6525, -2815, "B", "DIP", "JP8_1", "", "C", 60, 60, 36, 36, 0],
		[319, "PAD78_4", 6625, -2815, "T", "DIP", "JP8_2", "", "C", 60, 60, 36, 36, 0],
		[320, "PAD78_4", 6625, -2815, "B", "DIP", "JP8_2", "", "C", 60, 60, 36, 36, 0],
		[321, "PAD79_5", 6234.84, -2120, "T", "DIP", "U9_5", "", "C", 60, 60, 36, 36, 0],
		[322, "PAD79_5", 6234.84, -2120, "B", "DIP", "U9_5", "", "C", 60, 60, 36, 36, 0],
		[323, "PAD80_6", 6375, -2120, "T", "DIP", "U9_6", "", "C", 60, 60, 36, 36, 0],
		[324, "PAD80_6", 6375, -2120, "B", "DIP", "U9_6", "", "C", 60, 60, 36, 36, 0],
		[325, "PAD81_7", 6575, -2120, "T", "DIP", "U9_7", "", "C", 60, 60, 36, 36, 0],
		[326, "PAD81_7", 6575, -2120, "B", "DIP", "U9_7", "", "C", 60, 60, 36, 36, 0],
		[327, "PAD82_8", 6715.16, -2120, "T", "DIP", "U9_8", "", "C", 60, 60, 36, 36, 0],
		[328, "PAD82_8", 6715.16, -2120, "B", "DIP", "U9_8", "", "C", 60, 60, 36, 36, 0]
	]
}
}